fid,first,vtype,n_seg
1,2023,symbolic,1
2,2024,soft,1
4,2023,symbolic,2
21,2024,symbolic,1
32,2023,verifiable,1
34,2023,verifiable,10
35,2019,soft,1
39,2023,symbolic,1
50,2023,soft,4
63,2023,verifiable,3
66,2023,symbolic,2
70,2023,symbolic,1
100,2023,verifiable,1
156,2023,verifiable,8
157,2023,symbolic,2
158,2022,symbolic,1
166,2023,symbolic,1
301,2024,symbolic,1
333,2023,verifiable,6
408,2024,symbolic,1
409,2022,verifiable,1
503,2024,symbolic,1
516,2022,symbolic,1
524,2024,verifiable,1
555,2023,verifiable,2
560,2022,symbolic,1
581,2024,soft,1
591,2024,verifiable,1
607,2023,symbolic,1
661,2023,verifiable,1
676,2022,verifiable,33
681,2022,verifiable,35
705,2023,symbolic,1
719,2022,symbolic,1
725,2023,soft,2
727,2024,soft,1
728,2024,verifiable,2
750,2023,symbolic,1
783,2023,symbolic,1
785,2023,verifiable,2
793,2024,symbolic,1
810,2022,verifiable,4
815,2021,verifiable,1
829,2022,verifiable,1
836,2023,symbolic,1
851,2024,symbolic,1
892,2023,verifiable,8
917,2023,verifiable,2
921,2024,soft,2
925,2023,symbolic,1
932,2023,soft,2
938,2023,verifiable,25
948,2023,verifiable,5
963,2021,soft,1
967,2024,verifiable,2
969,2023,symbolic,1
977,2023,verifiable,7
987,2023,verifiable,1
988,2023,soft,3
997,2022,verifiable,1
1205,2022,symbolic,1
1222,2023,symbolic,1
1229,2023,symbolic,3
1238,2022,symbolic,1
1267,2024,soft,1
1283,2024,soft,1
1288,2024,symbolic,1
1289,2024,verifiable,1
1308,2023,symbolic,2
1309,2022,symbolic,1
1314,2022,soft,3
1330,2024,verifiable,12
1339,2023,verifiable,2
1367,2024,symbolic,1
1389,2023,soft,1
1979,2023,verifiable,1
2008,2023,soft,5
2009,2024,symbolic,1
2027,2024,soft,2
2042,2023,verifiable,2
2044,2022,soft,1
2045,2022,symbolic,7
2063,2023,soft,2
2065,2022,verifiable,5
2079,2024,symbolic,1
2093,2022,symbolic,1
2115,2022,symbolic,3
2117,2024,symbolic,1
2120,2023,verifiable,1
2121,2024,symbolic,1
2122,2024,symbolic,2
2123,2022,soft,2
2124,2023,symbolic,1
2127,2023,verifiable,3
2131,2022,soft,4
2138,2023,symbolic,1
2139,2023,symbolic,1
2142,2023,soft,1
2148,2022,symbolic,1
2152,2023,soft,2
2156,2022,symbolic,2
2161,2023,symbolic,1
2173,2024,verifiable,3
2174,2023,symbolic,2
2178,2024,soft,1
2181,2024,symbolic,2
2183,2023,soft,1
2195,2022,verifiable,1
2197,2022,symbolic,1
2212,2023,symbolic,2
2213,2024,symbolic,1
2229,2023,symbolic,1
2230,2022,soft,2
2235,2023,symbolic,1
2236,2022,verifiable,2
2238,2023,verifiable,1
2241,2023,symbolic,2
2249,2024,symbolic,1
2261,2022,symbolic,1
2264,2023,verifiable,2
2268,2023,soft,2
2272,2023,soft,1
2273,2023,symbolic,3
2278,2024,soft,1
2279,2023,soft,4
2280,2022,soft,2
2281,2023,symbolic,3
2291,2017,verifiable,1
2292,2022,verifiable,3
2301,2024,symbolic,2
2315,2023,soft,1
2319,2022,symbolic,1
2322,2024,soft,10
2324,2024,soft,1
2325,2023,verifiable,3
2327,2024,soft,1
2328,2024,symbolic,1
2333,2024,soft,1
2334,2024,symbolic,1
2335,2023,symbolic,1
2343,2022,verifiable,2
2351,2023,symbolic,1
2352,2023,soft,3
2354,2022,verifiable,16
2362,2022,verifiable,5
2364,2023,verifiable,1
2368,2023,symbolic,1
2369,2023,soft,1
2371,2024,symbolic,2
2373,2022,symbolic,2
2376,2024,verifiable,2
2380,2023,symbolic,1
2384,2023,symbolic,1
2396,2023,symbolic,3
2398,2023,verifiable,1
2400,2023,symbolic,1
2401,2023,soft,1
2415,2023,verifiable,4
2416,2023,verifiable,2
2419,2023,symbolic,1
2421,2024,verifiable,4
2422,2024,soft,2
2425,2022,soft,1
2432,2023,symbolic,1
2436,2022,soft,1
2439,2022,symbolic,1
2442,2023,soft,1
2444,2023,soft,1
2456,2023,symbolic,1
2463,2022,verifiable,1
2466,2024,symbolic,1
2467,2022,soft,1
2468,2024,verifiable,1
2475,2022,verifiable,2
2481,2024,verifiable,1
2517,2022,symbolic,4
2518,2022,soft,1
2530,2022,symbolic,1
2543,2024,verifiable,4
2544,2023,symbolic,1
2555,2023,verifiable,7
2558,2022,soft,6
2563,2023,symbolic,1
2572,2023,soft,2
2575,2024,verifiable,2
2580,2023,symbolic,1
2587,2023,verifiable,5
2599,2022,symbolic,2
2600,2023,soft,2
2602,2022,verifiable,3
2605,2024,soft,4
2607,2024,verifiable,1
2611,2024,verifiable,1
2614,2024,verifiable,2
2624,2022,soft,4
2635,2023,symbolic,1
2640,2023,symbolic,1
2642,2022,symbolic,1
2647,2023,symbolic,1
2649,2022,symbolic,1
2656,2021,soft,1
2657,2022,symbolic,3
2659,2023,symbolic,1
2664,2024,verifiable,2
2677,2024,soft,1
2681,2022,symbolic,3
2701,2024,verifiable,1
2712,2023,soft,4
2713,2023,verifiable,5
2738,2022,symbolic,1
2757,2022,symbolic,1
2771,2023,soft,2
2777,2023,symbolic,4
2779,2024,soft,1
2788,2024,symbolic,1
2792,2024,symbolic,1
2803,2022,verifiable,6
2819,2024,symbolic,3
2831,2024,verifiable,3
2832,2024,soft,2
2833,2024,symbolic,1
2835,2023,symbolic,2
2841,2023,verifiable,4
2851,2022,symbolic,1
2858,2022,symbolic,4
2862,2024,verifiable,1
2878,2022,soft,7
2881,2022,symbolic,2
2887,2022,symbolic,1
2889,2022,symbolic,1
2902,2023,symbolic,2
2908,2022,symbolic,1
2912,2023,symbolic,3
2913,2022,symbolic,2
2916,2023,symbolic,1
2927,2024,symbolic,1
2929,2022,symbolic,1
2937,2024,symbolic,1
2938,2022,symbolic,2
2943,2023,symbolic,1
2945,2023,soft,1
2948,2024,soft,1
2949,2022,symbolic,1
2955,2024,soft,1
2959,2024,symbolic,1
2960,2024,verifiable,1
2967,2024,symbolic,1
2970,2022,symbolic,1
2971,2023,symbolic,1
2975,2022,verifiable,1
2980,2024,soft,5
2981,2024,symbolic,1
2987,2023,verifiable,1
2990,2023,soft,4
2993,2022,symbolic,2
2995,2022,verifiable,9
3004,2022,symbolic,1
3005,2022,soft,7
3007,2023,symbolic,2
3010,2023,soft,4
3016,2022,soft,2
3029,2023,symbolic,1
3032,2023,symbolic,2
3040,2024,verifiable,1
300002,2022,symbolic,3
300005,2023,symbolic,2
300010,2024,symbolic,1
300012,2024,verifiable,1
300015,2023,symbolic,1
300017,2022,symbolic,1
300031,2022,soft,4
300033,2022,symbolic,3
300036,2022,symbolic,1
300043,2022,soft,4
300047,2023,verifiable,6
300052,2022,verifiable,2
300053,2023,verifiable,1
300054,2024,verifiable,1
300058,2022,verifiable,8
300059,2022,symbolic,1
300061,2022,symbolic,1
300063,2022,soft,5
300065,2022,symbolic,1
300067,2024,verifiable,7
300068,2022,symbolic,1
300071,2023,verifiable,18
300075,2024,verifiable,1
300076,2024,soft,1
300077,2024,soft,1
300079,2022,symbolic,3
300081,2022,soft,5
300088,2023,symbolic,1
300096,2023,verifiable,3
300099,2024,soft,1
300113,2022,soft,3
300115,2024,soft,5
300124,2023,symbolic,1
300130,2023,symbolic,1
300131,2024,symbolic,1
300133,2022,soft,2
300134,2022,soft,2
300143,2023,symbolic,1
300153,2023,soft,1
300161,2024,verifiable,1
300162,2024,soft,1
300166,2022,verifiable,1
300168,2022,soft,1
300170,2022,symbolic,2
300182,2022,verifiable,7
300184,2023,verifiable,2
300188,2023,verifiable,10
300192,2023,verifiable,1
300203,2024,soft,1
300207,2024,soft,1
300212,2023,verifiable,4
300213,2024,symbolic,1
300221,2017,symbolic,1
300223,2024,symbolic,2
300224,2024,symbolic,1
300226,2022,soft,4
300227,2024,verifiable,2
300229,2022,verifiable,22
300231,2024,symbolic,2
300232,2023,soft,5
300235,2023,verifiable,13
300242,2024,soft,1
300245,2023,symbolic,1
300248,2023,soft,2
300249,2022,symbolic,1
300250,2024,verifiable,2
300253,2022,symbolic,1
300260,2023,symbolic,1
300264,2022,symbolic,2
300271,2022,soft,2
300275,2022,symbolic,1
300280,2023,symbolic,1
300287,2019,symbolic,1
300288,2023,soft,4
300290,2023,soft,2
300291,2022,soft,5
300292,2023,symbolic,1
300295,2023,verifiable,3
300296,2023,verifiable,4
300299,2022,soft,2
300308,2022,soft,2
300310,2023,symbolic,1
300311,2023,symbolic,1
300315,2017,symbolic,1
300320,2023,soft,1
300322,2024,soft,1
300324,2023,symbolic,1
300338,2024,symbolic,1
300339,2023,symbolic,2
300341,2024,verifiable,1
300347,2023,symbolic,1
300348,2022,soft,2
300349,2024,verifiable,3
300352,2022,symbolic,1
300353,2022,symbolic,1
300358,2024,soft,1
300364,2022,symbolic,6
300365,2022,symbolic,3
300366,2022,symbolic,1
300369,2022,soft,2
300371,2024,soft,2
300376,2024,soft,4
300377,2023,symbolic,1
300378,2023,verifiable,6
300379,2022,symbolic,2
300380,2022,symbolic,2
300383,2022,symbolic,3
300389,2024,verifiable,2
300394,2024,symbolic,2
300397,2022,soft,1
300413,2022,symbolic,5
300418,2022,soft,14
300419,2024,soft,3
300426,2022,verifiable,2
300433,2023,symbolic,1
300438,2023,symbolic,1
300440,2023,verifiable,5
300442,2022,verifiable,5
300445,2024,verifiable,1
300448,2022,soft,4
300449,2023,soft,4
300451,2022,symbolic,3
300454,2023,verifiable,8
300456,2023,symbolic,2
300458,2022,symbolic,2
300459,2022,soft,8
300467,2022,symbolic,1
300468,2023,symbolic,2
300469,2023,symbolic,1
300471,2024,verifiable,3
300475,2023,symbolic,1
300476,2022,symbolic,1
300479,2023,soft,3
300480,2023,symbolic,1
300486,2022,verifiable,3
300490,2024,symbolic,1
300493,2022,symbolic,1
300494,2022,symbolic,1
300496,2023,verifiable,8
300500,2022,symbolic,1
300502,2023,symbolic,2
300520,2022,symbolic,5
300523,2023,symbolic,2
300525,2024,symbolic,1
300531,2024,symbolic,1
300536,2023,symbolic,2
300541,2022,symbolic,1
300542,2022,verifiable,5
300543,2024,symbolic,1
300546,2024,verifiable,1
300550,2023,soft,2
300551,2022,symbolic,1
300555,2023,verifiable,2
300556,2022,symbolic,3
300557,2024,soft,2
300559,2023,soft,2
300560,2023,symbolic,1
300562,2023,symbolic,1
300563,2023,symbolic,1
300564,2023,symbolic,2
300568,2024,symbolic,1
300571,2022,soft,6
300572,2024,verifiable,1
300578,2022,verifiable,8
300583,2024,symbolic,1
300588,2024,soft,3
300591,2022,symbolic,1
300592,2023,verifiable,9
300596,2024,symbolic,1
300597,2024,verifiable,1
300602,2024,soft,1
300603,2022,symbolic,1
300608,2022,verifiable,5
300609,2023,verifiable,2
300612,2022,soft,3
300613,2022,symbolic,1
300616,2022,soft,1
300617,2024,verifiable,1
300622,2024,symbolic,1
300623,2023,symbolic,1
300624,2022,verifiable,12
300628,2023,symbolic,1
300632,2022,symbolic,1
300634,2022,verifiable,8
300638,2023,symbolic,1
300639,2024,verifiable,1
300645,2024,verifiable,3
300654,2022,verifiable,2
300655,2023,soft,1
300657,2022,symbolic,1
300659,2023,verifiable,4
300661,2024,soft,1
300662,2023,soft,1
300663,2022,symbolic,6
300668,2023,soft,2
300672,2024,symbolic,2
300674,2022,symbolic,1
300675,2023,symbolic,1
300676,2023,soft,1
300678,2023,verifiable,3
300680,2024,soft,1
300682,2024,verifiable,7
300684,2022,soft,2
300685,2024,symbolic,1
300686,2023,verifiable,2
300687,2022,verifiable,1
300688,2023,verifiable,6
300698,2024,symbolic,2
300703,2024,verifiable,4
300723,2024,symbolic,1
300725,2023,verifiable,1
300729,2024,symbolic,1
300730,2023,soft,3
300738,2022,soft,4
300740,2023,symbolic,1
300746,2023,soft,1
300747,2024,verifiable,1
300752,2024,symbolic,2
300757,2022,symbolic,1
300760,2024,symbolic,2
300766,2023,verifiable,4
300768,2023,verifiable,1
300770,2022,symbolic,4
300773,2022,verifiable,2
300778,2022,symbolic,1
300781,2022,verifiable,9
300785,2022,verifiable,7
300788,2022,soft,3
300789,2023,symbolic,1
300791,2024,verifiable,1
300792,2022,symbolic,1
300793,2024,symbolic,1
300795,2024,symbolic,2
300798,2023,soft,1
300803,2023,symbolic,1
300805,2023,verifiable,5
300806,2023,symbolic,1
300811,2023,verifiable,1
300825,2022,soft,1
300830,2022,soft,4
300843,2024,symbolic,1
300845,2024,symbolic,4
300846,2022,verifiable,4
300852,2022,symbolic,1
300853,2023,symbolic,2
300857,2022,symbolic,1
300860,2024,soft,2
300862,2024,symbolic,1
300866,2024,symbolic,2
300867,2024,soft,1
300870,2023,verifiable,5
300872,2023,verifiable,2
300873,2022,symbolic,2
300884,2022,verifiable,2
300895,2023,verifiable,2
300897,2024,verifiable,3
300903,2022,symbolic,1
300921,2023,symbolic,2
300925,2022,symbolic,1
300928,2023,symbolic,1
300935,2024,verifiable,4
300937,2023,symbolic,1
300940,2024,symbolic,2
300941,2023,soft,1
300949,2022,soft,9
300956,2023,verifiable,2
300957,2023,symbolic,1
300959,2024,symbolic,1
300961,2024,soft,1
300968,2022,symbolic,1
300976,2023,symbolic,1
300983,2023,soft,5
300987,2023,symbolic,1
300989,2022,verifiable,8
300996,2023,symbolic,1
301001,2022,symbolic,1
301011,2022,symbolic,1
301013,2023,symbolic,1
301018,2022,soft,1
301021,2024,soft,1
301024,2022,symbolic,1
301027,2023,symbolic,2
301029,2024,soft,2
301041,2023,soft,1
301052,2023,verifiable,4
301060,2022,symbolic,1
301066,2022,symbolic,1
301070,2024,soft,1
301076,2024,symbolic,1
301078,2024,symbolic,1
301085,2022,verifiable,5
301086,2024,soft,1
301089,2021,symbolic,1
301091,2024,symbolic,2
301095,2024,symbolic,2
301099,2024,symbolic,1
301102,2023,soft,1
301110,2023,verifiable,1
301117,2024,verifiable,2
301121,2024,soft,1
301123,2022,soft,2
301128,2023,symbolic,1
301129,2024,verifiable,6
301135,2024,verifiable,3
301153,2024,symbolic,1
301159,2024,soft,3
301165,2023,verifiable,3
301169,2022,verifiable,3
301171,2022,symbolic,3
301172,2024,verifiable,12
301178,2024,soft,1
301179,2024,verifiable,1
301183,2024,verifiable,2
301185,2022,symbolic,1
301191,2023,verifiable,3
301200,2022,soft,1
301202,2024,soft,1
301205,2023,symbolic,1
301213,2023,symbolic,1
301218,2024,verifiable,2
301221,2023,verifiable,1
301230,2023,symbolic,1
301236,2022,verifiable,3
301248,2023,symbolic,2
301257,2024,symbolic,1
301262,2023,verifiable,3
301270,2022,verifiable,2
301275,2024,soft,1
301282,2023,symbolic,1
301285,2023,symbolic,1
301299,2022,soft,1
301301,2023,soft,1
301302,2023,symbolic,1
301308,2023,soft,1
301313,2022,symbolic,1
301315,2023,verifiable,6
301316,2022,symbolic,4
301318,2023,symbolic,1
301330,2022,verifiable,2
301336,2024,soft,2
301338,2022,symbolic,1
301339,2024,soft,2
301363,2024,soft,2
301365,2024,verifiable,3
301366,2023,symbolic,1
301378,2023,verifiable,4
301380,2024,verifiable,1
301381,2023,symbolic,1
301382,2023,soft,1
301396,2023,symbolic,1
301421,2024,symbolic,2
301428,2024,symbolic,3
301487,2023,verifiable,1
301512,2023,symbolic,1
301536,2023,soft,1
301558,2023,soft,2
301567,2024,symbolic,1
301608,2024,symbolic,1
430090,2024,verifiable,2
430139,2024,soft,1
430425,2024,soft,1
430564,2024,symbolic,1
600000,2024,verifiable,3
600016,2023,symbolic,1
600030,2023,symbolic,1
600036,2024,symbolic,3
600048,2024,soft,1
600050,2022,symbolic,1
600057,2024,symbolic,1
600060,2022,soft,3
600083,2023,symbolic,1
600088,2022,symbolic,1
600100,2022,symbolic,1
600104,2022,symbolic,1
600109,2022,verifiable,1
600131,2024,verifiable,2
600153,2024,symbolic,2
600155,2024,symbolic,2
600170,2024,soft,1
600183,2023,soft,1
600196,2023,soft,2
600203,2024,soft,1
600208,2024,symbolic,1
600211,2024,symbolic,1
600225,2022,symbolic,1
600228,2023,verifiable,1
600229,2022,symbolic,2
600233,2023,symbolic,1
600246,2023,symbolic,5
600271,2023,symbolic,1
600289,2023,soft,3
600315,2023,symbolic,1
600330,2023,symbolic,1
600337,2024,soft,2
600339,2024,verifiable,1
600345,2024,soft,4
600353,2024,verifiable,2
600363,2024,symbolic,2
600373,2023,symbolic,1
600398,2024,verifiable,1
600405,2024,verifiable,1
600410,2022,symbolic,5
600415,2023,verifiable,1
600446,2023,symbolic,1
600487,2022,symbolic,2
600496,2024,verifiable,1
600498,2024,symbolic,1
600517,2024,symbolic,1
600522,2022,soft,1
600535,2023,verifiable,2
600536,2024,verifiable,1
600551,2023,soft,2
600556,2023,symbolic,8
600570,2022,verifiable,2
600571,2024,verifiable,8
600576,2023,symbolic,3
600584,2023,symbolic,1
600588,2022,symbolic,1
600589,2022,symbolic,1
600590,2024,verifiable,1
600594,2023,verifiable,4
600602,2023,symbolic,1
600611,2023,symbolic,2
600633,2022,symbolic,1
600636,2024,soft,3
600637,2023,verifiable,3
600640,2023,verifiable,15
600641,2022,symbolic,1
600654,2023,symbolic,1
600655,2023,symbolic,1
600662,2023,symbolic,1
600666,2023,symbolic,2
600690,2023,symbolic,2
600698,2024,symbolic,1
600699,2022,symbolic,2
600718,2023,verifiable,5
600728,2022,verifiable,4
600730,2023,symbolic,6
600733,2024,symbolic,1
600734,2023,soft,1
600745,2022,verifiable,2
600756,2024,verifiable,3
600757,2023,soft,3
600763,2024,symbolic,1
600775,2023,symbolic,1
600776,2023,symbolic,1
600797,2022,symbolic,1
600804,2023,symbolic,1
600821,2024,verifiable,1
600825,2024,symbolic,1
600826,2024,symbolic,1
600831,2024,verifiable,1
600839,2024,symbolic,1
600845,2024,symbolic,1
600850,2024,verifiable,4
600861,2024,symbolic,1
600869,2024,symbolic,1
600880,2023,soft,3
600887,2024,verifiable,2
600895,2024,soft,1
600900,2020,symbolic,3
600906,2024,soft,2
600909,2024,verifiable,1
600918,2024,verifiable,1
600919,2023,soft,1
600926,2024,symbolic,1
600936,2024,symbolic,2
600958,2023,verifiable,2
600959,2024,symbolic,1
600977,2023,symbolic,1
600986,2022,verifiable,14
600998,2024,verifiable,3
600999,2023,symbolic,1
601005,2023,symbolic,1
601009,2023,symbolic,1
601016,2024,verifiable,2
601019,2023,soft,3
601021,2024,symbolic,1
601058,2023,symbolic,2
601068,2024,symbolic,1
601098,2023,symbolic,1
601108,2024,verifiable,1
601126,2024,soft,2
601127,2024,symbolic,1
601137,2022,symbolic,1
601138,2022,symbolic,3
601155,2024,symbolic,1
601166,2024,verifiable,1
601169,2023,verifiable,3
601208,2023,symbolic,1
601211,2024,verifiable,1
601229,2023,verifiable,1
601231,2022,symbolic,1
601318,2019,soft,2
601360,2022,verifiable,17
601519,2023,soft,1
601555,2022,symbolic,1
601566,2017,soft,9
601595,2024,symbolic,2
601599,2023,symbolic,3
601609,2024,soft,1
601717,2024,soft,1
601728,2023,symbolic,2
601777,2024,soft,1
601801,2023,symbolic,1
601811,2023,symbolic,1
601825,2024,symbolic,1
601828,2024,symbolic,1
601858,2022,symbolic,2
601869,2023,soft,1
601872,2024,symbolic,1
601881,2024,soft,1
601901,2023,verifiable,1
601921,2023,symbolic,1
601928,2023,symbolic,2
601929,2024,symbolic,1
601939,2023,symbolic,2
601963,2024,verifiable,1
601995,2023,symbolic,1
601998,2024,verifiable,3
601999,2024,symbolic,1
603000,2023,symbolic,3
603003,2022,symbolic,1
603005,2024,symbolic,1
603007,2023,symbolic,1
603012,2024,symbolic,1
603015,2024,symbolic,1
603017,2022,symbolic,1
603018,2022,verifiable,1
603019,2022,symbolic,1
603037,2021,symbolic,1
603039,2023,symbolic,2
603081,2024,soft,2
603082,2024,symbolic,1
603083,2023,verifiable,1
603088,2024,symbolic,1
603096,2022,symbolic,1
603103,2023,symbolic,1
603106,2023,verifiable,3
603108,2023,symbolic,1
603110,2024,verifiable,2
603116,2023,symbolic,1
603123,2024,soft,1
603150,2023,soft,1
603160,2022,symbolic,1
603171,2023,verifiable,17
603180,2023,symbolic,1
603186,2022,symbolic,2
603189,2022,soft,5
603196,2023,soft,2
603203,2024,soft,1
603220,2024,verifiable,6
603221,2024,verifiable,1
603228,2022,symbolic,1
603232,2024,symbolic,1
603233,2024,verifiable,3
603236,2023,verifiable,2
603258,2022,symbolic,3
603296,2023,verifiable,5
603300,2024,soft,3
603316,2024,verifiable,2
603322,2023,verifiable,4
603323,2023,symbolic,1
603324,2023,symbolic,1
603326,2022,symbolic,2
603337,2023,symbolic,1
603357,2024,verifiable,1
603365,2024,verifiable,2
603383,2022,verifiable,1
603386,2023,symbolic,1
603444,2023,soft,1
603466,2022,verifiable,8
603486,2023,soft,3
603488,2024,symbolic,1
603496,2022,symbolic,1
603501,2024,soft,2
603515,2024,verifiable,2
603518,2023,symbolic,2
603528,2024,verifiable,2
603529,2024,symbolic,2
603533,2022,soft,5
603535,2023,symbolic,1
603569,2024,symbolic,1
603598,2022,verifiable,7
603602,2023,soft,2
603608,2022,soft,3
603610,2024,symbolic,1
603629,2024,symbolic,1
603636,2022,symbolic,2
603638,2024,symbolic,1
603650,2023,symbolic,1
603660,2022,symbolic,2
603666,2023,symbolic,1
603687,2024,verifiable,2
603690,2024,verifiable,1
603700,2024,soft,1
603716,2024,symbolic,1
603721,2023,symbolic,1
603727,2023,symbolic,2
603729,2022,soft,1
603738,2022,symbolic,2
603766,2023,symbolic,1
603777,2024,symbolic,1
603803,2023,verifiable,1
603811,2024,symbolic,1
603825,2022,symbolic,1
603833,2024,soft,1
603836,2024,verifiable,2
603839,2019,symbolic,1
603859,2023,verifiable,6
603861,2024,symbolic,1
603869,2022,symbolic,1
603877,2022,symbolic,1
603881,2022,verifiable,3
603882,2023,verifiable,4
603887,2022,symbolic,2
603888,2023,verifiable,4
603893,2023,verifiable,1
603900,2024,symbolic,1
603906,2024,symbolic,1
603918,2024,soft,2
603920,2023,symbolic,1
603927,2022,symbolic,2
603936,2022,soft,1
603956,2024,symbolic,1
603960,2023,soft,2
603985,2023,symbolic,2
603999,2023,soft,2
605056,2024,symbolic,1
605069,2024,verifiable,4
605100,2022,symbolic,1
605117,2024,soft,1
605168,2022,symbolic,1
605178,2024,symbolic,1
605266,2024,verifiable,3
605277,2023,symbolic,2
605289,2023,verifiable,1
605300,2022,symbolic,1
605358,2022,symbolic,2
605388,2024,soft,1
605398,2023,symbolic,1
605577,2023,symbolic,2
688003,2023,symbolic,1
688004,2022,soft,5
688007,2022,soft,4
688008,2022,soft,5
688017,2024,verifiable,1
688018,2023,soft,4
688020,2023,symbolic,1
688023,2023,symbolic,3
688030,2023,symbolic,2
688031,2023,verifiable,14
688035,2024,soft,1
688036,2022,symbolic,3
688037,2024,symbolic,1
688038,2023,symbolic,2
688039,2022,verifiable,10
688041,2022,symbolic,1
688045,2024,symbolic,1
688047,2022,soft,1
688049,2022,symbolic,3
688051,2023,symbolic,1
688052,2022,soft,1
688055,2024,symbolic,2
688058,2023,verifiable,4
688065,2024,symbolic,2
688066,2022,verifiable,1
688067,2024,symbolic,1
688068,2024,soft,2
688070,2024,soft,1
688078,2024,verifiable,13
688080,2023,soft,1
688081,2024,verifiable,4
688082,2024,symbolic,1
688083,2023,symbolic,2
688084,2024,verifiable,1
688088,2022,soft,6
688090,2024,symbolic,2
688095,2022,soft,5
688097,2024,verifiable,1
688099,2023,symbolic,1
688109,2023,symbolic,1
688111,2022,soft,6
688114,2024,soft,2
688118,2021,verifiable,3
688125,2023,symbolic,1
688127,2023,symbolic,1
688128,2024,symbolic,3
688131,2024,symbolic,1
688132,2023,soft,3
688138,2024,symbolic,1
688139,2024,verifiable,1
688141,2023,verifiable,1
688152,2023,symbolic,1
688153,2023,symbolic,1
688156,2024,verifiable,1
688157,2023,soft,1
688158,2022,symbolic,1
688159,2023,symbolic,1
688161,2023,symbolic,1
688165,2023,symbolic,1
688167,2024,soft,1
688168,2022,symbolic,1
688170,2022,symbolic,1
688171,2024,verifiable,4
688175,2023,symbolic,1
688176,2023,symbolic,1
688181,2023,symbolic,1
688191,2023,verifiable,3
688195,2024,symbolic,5
688197,2024,symbolic,1
688202,2024,symbolic,1
688205,2023,verifiable,5
688207,2022,soft,7
688208,2023,symbolic,1
688209,2023,symbolic,1
688215,2023,symbolic,1
688217,2023,symbolic,2
688218,2024,symbolic,2
688219,2023,soft,1
688220,2023,symbolic,1
688225,2022,soft,1
688227,2022,symbolic,1
688228,2022,verifiable,44
688229,2023,verifiable,8
688230,2024,symbolic,1
688232,2024,verifiable,5
688233,2023,symbolic,2
688234,2024,symbolic,1
688244,2023,verifiable,5
688246,2022,symbolic,2
688248,2023,symbolic,2
688249,2024,symbolic,2
688256,2022,verifiable,9
688258,2024,verifiable,9
688261,2022,symbolic,2
688262,2022,soft,1
688268,2024,symbolic,1
688273,2024,verifiable,2
688290,2024,soft,1
688292,2023,symbolic,1
688296,2024,verifiable,13
688300,2024,soft,1
688301,2024,symbolic,1
688306,2022,symbolic,1
688312,2023,symbolic,1
688313,2022,symbolic,2
688316,2023,soft,4
688318,2022,symbolic,2
688322,2022,soft,2
688326,2024,soft,1
688327,2022,verifiable,5
688332,2024,symbolic,2
688343,2022,verifiable,8
688348,2024,symbolic,1
688349,2024,symbolic,1
688358,2024,verifiable,2
688365,2024,soft,2
688369,2023,verifiable,10
688371,2023,verifiable,1
688376,2023,symbolic,2
688378,2024,symbolic,2
688380,2022,symbolic,1
688389,2024,verifiable,2
688390,2023,verifiable,2
688396,2023,symbolic,1
688400,2023,soft,6
688401,2023,soft,2
688416,2023,verifiable,2
688418,2023,soft,1
688420,2024,verifiable,4
688439,2024,symbolic,1
688449,2024,symbolic,2
688458,2023,symbolic,1
688459,2024,verifiable,1
688466,2024,verifiable,4
688469,2024,symbolic,1
688475,2022,symbolic,1
688478,2024,symbolic,1
688484,2024,soft,1
688500,2022,symbolic,1
688507,2023,soft,4
688509,2024,symbolic,1
688520,2023,symbolic,1
688521,2023,verifiable,15
688525,2023,symbolic,4
688529,2024,symbolic,2
688549,2024,soft,1
688556,2024,verifiable,3
688561,2022,soft,8
688568,2022,soft,3
688579,2022,symbolic,3
688588,2020,symbolic,1
688589,2024,symbolic,2
688590,2022,verifiable,6
688593,2023,symbolic,1
688595,2024,soft,1
688596,2023,soft,3
688597,2023,symbolic,1
688598,2024,symbolic,1
688608,2022,symbolic,1
688609,2023,symbolic,1
688610,2024,soft,1
688615,2024,verifiable,7
688618,2024,soft,3
688619,2022,soft,2
688620,2023,symbolic,1
688621,2024,symbolic,5
688625,2021,soft,1
688626,2024,soft,2
688627,2024,symbolic,1
688628,2024,symbolic,1
688629,2024,soft,1
688651,2023,soft,2
688655,2022,verifiable,2
688657,2024,verifiable,2
688668,2022,symbolic,3
688671,2023,soft,2
688676,2023,verifiable,1
688678,2024,symbolic,3
688683,2024,symbolic,2
688686,2024,symbolic,1
688691,2024,symbolic,2
688692,2024,symbolic,3
688701,2023,soft,1
688702,2024,symbolic,1
688709,2023,symbolic,1
688721,2024,soft,1
688766,2022,symbolic,1
688768,2024,soft,1
688777,2023,verifiable,7
688786,2023,symbolic,1
688787,2022,symbolic,8
688788,2023,symbolic,1
688793,2024,symbolic,1
688798,2024,verifiable,2
830799,2023,verifiable,11
832171,2023,soft,6
832876,2024,symbolic,2
833075,2023,soft,1
834021,2022,verifiable,7
834415,2024,verifiable,1
835207,2024,verifiable,5
835305,2022,verifiable,10
835640,2023,symbolic,1
836208,2024,symbolic,1
836395,2024,symbolic,2
837092,2023,symbolic,1
837748,2024,soft,1
837821,2023,symbolic,2
838227,2024,symbolic,3
839493,2024,symbolic,5
839680,2023,verifiable,1
839790,2023,symbolic,2
870976,2023,symbolic,1
872190,2023,soft,4
872808,2023,symbolic,1
872925,2024,verifiable,1
873806,2024,symbolic,1
