ngram,mean_abs_shap,mean_shap_when_present,direction,cue_dimension,cue_dimension_zh,present_share_in_sample
落地,3.009213685456398,14.24210334838496,-> verifiable,completion,实施动词,0.13716666666666666
部署,1.473006349887894,13.54951418148497,-> verifiable,completion,实施动词,0.06916666666666667
上线,0.43981063094156625,11.090237562674579,-> verifiable,completion,实施动词,0.024833333333333332
已完成,0.3574162129471437,9.46893469652693,-> verifiable,completion,实施动词,0.024166666666666666
形成了,0.28695410577793706,10.403786425588674,-> verifiable,other,其他/无对应,0.017333333333333333
打造,0.2775336208078463,1.4456082319948884,-> verifiable,other,其他/无对应,0.10233333333333333
协同,0.21662286038187176,2.6621850794863877,-> verifiable,other,其他/无对应,0.04633333333333333
实现,0.1860695205121867,0.40627830656456837,-> verifiable,completion,实施动词,0.2743333333333333
大模,0.16947603978507356,0.12988268008998444,-> verifiable,other,其他/无对应,0.613
开发,0.16909830816833746,0.6554271388444652,-> verifiable,other,其他/无对应,0.13683333333333333
应用,0.16673508378306082,0.18977500519530954,-> verifiable,completion,实施动词,0.412
客户,0.1630802502452541,0.6978295572238662,-> verifiable,partner,合作伙伴,0.12566666666666668
产品,0.16046176812923002,0.29503196817069643,-> verifiable,artifact,产品工具,0.2803333333333333
公司,0.15173764823823496,0.15945934101211673,-> verifiable,other,其他/无对应,0.4925
发了,0.12078872947612264,3.726095514369855,-> verifiable,other,其他/无对应,0.02033333333333333
模型,0.103128827036221,0.06546908699686481,-> verifiable,artifact,产品工具,0.6785
告期内,0.0913465756527606,0.6612254826286483,-> verifiable,current,时间锚定,0.07283333333333333
平台,0.08544853804670269,0.20476043147771558,-> verifiable,artifact,产品工具,0.22
目前,0.08293354258521621,1.196541859080312,-> verifiable,current,时间锚定,0.03866666666666667
发布,0.08288622793106773,0.654495645038659,-> verifiable,completion,实施动词,0.06733333333333333
集团,0.08225196747173842,1.299718337556375,-> verifiable,other,其他/无对应,0.033
业务,0.07678297902420156,0.1833411283485318,-> verifiable,other,其他/无对应,0.20416666666666666
预测,0.07468552258050294,1.7773363553105852,-> verifiable,other,其他/无对应,0.024333333333333332
投入,0.07308893323890397,0.7106886162186211,-> verifiable,completion,实施动词,0.0495
告期,0.07144955136386229,0.4869352046368093,-> verifiable,other,其他/无对应,0.08283333333333333
